{
  "replace": false,
  "values": [
    "qu-enchantments:rune_0",
    {
      "id": "qu-enchantments:rune_1",
      "required": false
    },
    {
      "id": "qu-enchantments:rune_2",
      "required": false
    },
    {
      "id": "qu-enchantments:rune_3",
      "required": false
    },
    {
      "id": "qu-enchantments:rune_4",
      "required": false
    },
    {
      "id": "qu-enchantments:rune_5",
      "required": false
    },
    {
      "id": "qu-enchantments:rune_6",
      "required": false
    },
    {
      "id": "qu-enchantments:rune_7",
      "required": false
    },
    {
      "id": "qu-enchantments:rune_8",
      "required": false
    }
  ]
}